create_at;id;id_name;content;
2024-08-05 12:26:41.69;8062217;329;false;
2024-08-05 13:00:02.941;8063411;329;false;
2024-08-05 13:00:26.091;8063453;329;true;
2024-08-05 13:00:56.442;8063485;329;false;
2024-08-05 13:08:13.652;8063713;329;false;
2024-08-05 13:16:23.076;8063953;329;false;
2024-08-05 13:17:52.917;8064022;329;true;
2024-08-05 13:18:22.095;8064039;329;false;
2024-08-05 13:21:24.326;8064180;329;false;
2024-08-05 13:23:19.465;8064363;329;false;
2024-08-05 13:24:24.797;8064415;329;false;
2024-08-05 13:30:24.15;8064740;329;false;
2024-08-05 13:32:03.204;8064753;329;false;
2024-08-05 13:33:44.507;8064906;329;false;
2024-08-05 13:47:44.785;8065628;329;true;
2024-08-05 13:48:15.053;8065655;329;false;
2024-08-05 13:49:01.118;8065681;329;false;
2024-08-05 13:51:01.021;8065760;329;false;
